지구명,위치,시설명,표지판설치,위험요인,일최대예상탐방객,대피계획인원,대피장소,구조대편성 및 구조장비현황,통제시설
가라산 탐방로,가라산 뫼바위 전망대,가라산 뫼바위 전망대,1,추락위험,0,0,,,
지심도 선착장 ~ 해안선전망대,지심도 마끝전망대,지심도 마끝전망대,1,추락위험,0,0,,,
지심도 선착장 ~ 해안선전망대,지심도 샛끝전망대,지심도 샛끝전망대,1,추락,0,0,,,
가라산 탐방로,가라산 마늘바위전망대,가라산 마늘바위전망대,1,추락위험,0,0,,,
한산지구 소매물도 탐방로,소매물도 탐방로 망태봉하부전망대,망태봉하부전망대,2,추락사고,0,0,소매물도 선착장,없음,없음
한산지구 대매물도 탐방로,대매물도 탐방로 당금삼거리 상단100m,당금삼거리 상단100m,1,추락사고,0,0,대항마을 선착장,없음,없음
한산지구 소매물도 탐방로,소매물도 탐방로 등대섬전망대,등대섬전망대,2,추락사고,0,0,소매물도 선착장,없음,안전난간
한산지구 비진도 탐방로,비진도 탐방로 노루여전망대 하단 50m지점,노루여전망대 하단 50m,1,추락사고,0,0,비진도 선착장,없음,없음
한산지구 비진도 탐방로,비진도 탐방로 노루여전망대,노루여전망대,1,추락사고,0,0,비진도 선착장,없음,안전난간
한산지구 비진도 탐방로,비진도 탐방로 미인전망대,미인전망대,1,추락사고,0,0,비진도 선착장,없음,안전난간
한산지구 소매물도 탐방로,소매물도 탐방로 등대섬정상,등대섬정상,0,추락사고,0,0,등대섬 선착장,없음,안전난간(공원관할 시설물 X)
토함산,경북 경주시 암곡동 산11,탐방로,2,집중호우로 인한 고립,1000,1000,암곡 주차장,"국립공원, 경주소방서, 차량, 무전기, 손전등, 응급처치세트, 로프, 메가폰 등",암곡 탐방지원센터 자동통제시스템
토함산,경북 경주시 암곡동 산17,탐방로,2,집중호우로 인한 고립,1000,1000,암곡 주차장,"국립공원, 경주소방서, 차량, 무전기, 손전등, 응급처치세트, 로프, 메가폰 등",암곡 탐방지원센터 자동통제시스템
월정지구,동대산~두로봉(6.7km),,4,폭설로 인한 탐방객 고립 및 탐방로 결빙,20,20,"북대, 진고개 휴게소",구조대 4명 및 구조장비 1식,탐방로 입구 통제
소금강지구,소금강~노인봉(9.6km),,4,폭설로 인한 탐방객 고립 및 탐방로 결빙,100,97,"노인봉대피소, 금강사",구조대 2명 및 구조장비 1식,탐방로 입구 통제
계방산지구,계방산정상~주목군락지(1.5km),,4,폭설로 인한 탐방객 고립,23,23,운두령,구조대 2명 및 구조장비 1식,탐방로 입구 통제
수유,구천계곡,,7,침수 고립,0,0,,,
산성,문수봉초입~청수동암문,,1,침수 고립,0,0,,,
산성,숨은벽구멍바위~호랑이굴,,5,침수 고립,0,0,,,
산성지구,진관공원지킴터 상단 1.5km,없음,6,침수 고립,0,0,,,
산성,대동사~약수암,없음,3,침수 고립,0,0,,,
구기,구기터널지킴터 상단 1.1km(향로봉 방향),,3,침수 고립,0,0,,,
소금강지구,무릉계~노인봉,구룡폭포 하단 200m,2,추락,100,100,"노인봉대피소, 금강사",구조대 및 구조장비 1식,철계단 1개소
소금강지구,무릉계~노인봉,삼선암 상단,2,추락,100,100,"노인봉대피소, 금강사",구조대 및 구조장비 1식,없음
소금강지구,무릉계~노인봉,식당암,4,추락,100,100,"노인봉대피소, 금강사",구조대 및 구조장비 1식,통제로프 1개소
소금강지구,무릉계~노인봉,십자소 하단,2,추락,100,100,"진고개, 노인봉대피소",구조대 및 구조장비 1식,통제난간 1개소
소금강지구,무릉계~노인봉,구룡폭포,4,추락,100,100,"금강사, 노인봉대피소",구조대 및 구조장비 1식,통제난간 1개소
적상지구,송대폭포 하단 300m,치목 ~ 안국사 구간 /적상지구,3,계곡 추락 위험,500,50,안국사," 국립공원 5명, 119구조대 7명,  다목적 들것 1, 로프 1, 헤드랜턴 5개등","난간, 로프 등"
구룡지구,구룡지구 사다리병창 500m전,추락위험,2,추락위험,1000,1000,세렴안전센터,치악산국립공원구조대 및 구조장비 일체,치악산
구룡지구,사다리병창,사다리병창2,2,추락위험,1000,1000,세렴안전센터,국립공원구조대 및 구조장비 일체,세렴안전센터
구룡지구,사다리병창,사다리병창,2,추락위험,1000,1000,세렴안전센터,국립공원구조대 및 구조장비 일체,세렴안전지킴터
구룡지구,사다리병창,사다리병창3,2,추락위험,1000,1000,세렴안전센터,국립공원구조대 및 구조장비일체,세렴안전센터
구룡지구,구룡지구 사다리병창 말등바위,말등바위1,2,추락위험,1000,1000,세렴안전센터,국립공원구조대 및 구조장비 일체,
금대지구,남대봉 정상 200m지점,남대봉1,4,추락위험,100,100,남대봉안전센터,국립공원구조대 및 구조장비 일체,금대분소 및 성남탐방지원센터 
구룡지구,구룡지구 계곡길 중간부,계곡길1,2,추락위험,500,500,세렴안전센터,국립공원구조대 및 구조장비 일체,세렴안전센터
구룡지구,비로봉 정상,비로봉1,4,추락위험,1500,1500,비로봉안전센터,국립공원구조대 및 구조장비 일체,비로봉안전센터 및 세렴안전센터
황골지구,입석사 상단부,입석사1,2,추락위험,500,500,입석사,국립공원구조대 및 구조장비 일체,황골탐방지원센터
황골(곧은재),곧은재 주막거리 상단,곧은재1,2,추락위험,200,200,곧은재탐방지원센터,국립공원구조대  및 구조장비 일체,곧은재탐방지원센터 
구룡지구,구룡지구 사다리병창길 말등바위,말등바위2,2,추락위험,1000,1000,세렴안전센터,국립공원구조대 및 구조장비 일체,세렴안전센터
구기지구,통천문 내리막,통천문 내리막 암릉,0,암릉 추락위험,300,200,사모바위 일원 헬기장," 국립공원구조대 7명 등, AED 등 41개 장비",없음
소백산 도솔봉지구,도솔봉 정상,도솔봉 정상,1,추락 위험,50,10,죽령탐방지원센터,"안전관리반 2, 재난구조대3, 들것 등",통제 난간 설치 1식
백양사 지구,"전남 장성군 북하면 약수리 백양사 지구 백학봉 탐방로(백학1,2)",영천굴 상부 50m 지점,3,추락사고 위험,1000,100,백양사,국립공원구조대 6명/응급처치 및 구조장비 1식,통제난간 36m 추락주의 안내표지판 3개소
남산,이무기능선 일원(천우사 탐방로),이무기능선,2,추락,1000,100,"천우사, 관음사",국립공원구조대 12명,철재난간 1
외설악,"38.1939, 128.4751",울산바위,2,추락,1000,1000,계조암,"국립공원구조대 7명, 119산악구조대, 민간구조대",철제난간
외설악,"38.1942, 128.4748",울산바위,1,추락,500,500,계조암,"국립공원구조대, 119산악구조대, 민간구조대",철제난간
외설악,"38.1943, 128.4743",울산바위,1,추락,500,500,계조암,"국립공원구조대, 119산악구조대, 민간구조대",철제난간
외설악,"38.1351, 128.4643",무너미고개 전망대,2,추락,200,200,희운각대피소,"국립공원구조대, 119산악구조대, 민간구조대",로프난간
외설악,"38.1331, 128.4647",희운각 상단,2,"미끄럼주의, 추락",500,500,희운각대피소,"국립공원구조대, 119산악구조대, 민간구조대",안전로프
외설악,"38.1390, 128.4618",공룡능선 신선봉,3,"추락, 낙상",1000,100,희운각대피소,"국립공원구조대, 119산악구조대, 민간구조대",로프난간
외설악,"38.1392, 128.4614",공룡능선,1,추락,1000,100,희운각대피소,"국립공원구조대, 119산악구조대, 민간구조대",로프난간
외설악,"38.1394, 128.4613",공룡능선,1,추락,1000,100,희운각대피소,"국립공원구조대, 119산악구조대, 민간구조대",로프
외설악,"38.1477, 128.4505",공룡능선,1,"추락, 미끄럼",1000,100,희운각대피소,"국립공원구조대, 119산악구조대, 민간구조대",로프난간
외설악,"38.1555, 128.4385",공룡능선,1,추락,1000,100,오세암,"국립공원구조대, 119산악구조대, 민간구조대",로프난간
외설악,"38.1582, 128.4381",공룡능선,1,추락,1000,100,오세암,"국립공원구조대, 119산악구조대, 민간구조대",로프난간
외설악,"38.1594, 128.4380",비선대~마등령,1,추락,1000,100,비선대,"국립공원구조대, 119산악구조대, 민간구조대",철난간
외설악,"38.1620, 128.4504",비선대~마등령,1,추락,1000,100,비선대,"국립공원구조대, 119산악구조대, 민간구조대",로프
외설악,"38.1616, 128.4495",비선대~마등령,1,추락,1000,100,비선대,"국립공원구조대, 119산악구조대, 민간구조대",로프
오색,"여심폭포 전망대(38.0854, 128.4159)",흘림골,1,추락,500,100,흘림골지킴터,"국립공원구조대, 119산악구조대, 민간구조대",목재난간
오색,"등선대 하향 300m(38.0849, 128.4164)",흘림골,2,추락,500,100,흘림골지킴터,"국립공원구조대, 119산악구조대, 민간구조대",목재난간
오색,"등선대 하향 100m(38.0836, 128.4172)",흘림골,1,추락,500,100,흘림골지킴터,"국립공원구조대, 119산악구조대, 민간구조대",목재난간
오색,"등선대(38.0838, 128.4178)",흘림골,2,추락,500,100,흘림골지킴터,"국립공원구조대, 119산악구조대, 민간구조대",목재난간
오색,"등선폭포 상향 300m(38.0832, 128.4174)",흘림골,1,추락,500,100,흘림골지킴터,"국립공원구조대, 119산악구조대, 민간구조대",목재난간
오색,"등선폭포 상향 100m(38.0812, 128.4281)",흘림골,1,추락,500,100,용소폭포지킴터,"국립공원구조대, 119산악구조대, 민간구조대",목재난간
오색,"용소삼거리 상향 400m(38.0827, 128.4281)",흘림골,1,추락,500,100,용소폭포지킴터,"국립공원구조대, 119산악구조대, 민간구조대",목재난간
오색,"38.1160, 128.4495",서북주능,1,추락,1000,100,중청대피소,"국립공원구조대, 119산악구조대, 민간구조대",없음
오색,"38.1093, 128.4270",서북주능,1,추락,1000,100,중청대피소,"국립공원구조대, 119산악구조대, 민간구조대",없음
오색,"38.1099, 128.4259",서북주능,2,추락,1000,100,한계령지킴터,"국립공원구조대, 119산악구조대, 민간구조대",안전로프
오색,"38.1100, 128.4228",서북주능,1,추락,1000,100,한계령지킴터,"국립공원구조대, 119산악구조대, 민간구조대",없음
오색,"38.1110, 128.4184",서북주능,1,추락,1000,100,한계령지킴터,"국립공원구조대, 119산악구조대, 민간구조대",안전로프
오색,"38.1112, 128.4170",서북주능,1,추락,1000,100,한계령지킴터,"국립공원구조대, 119산악구조대, 민간구조대",안전로프
오색,"38.1113, 128.4144",서북주능,1,추락,1000,100,한계령지킴터,"국립공원구조대, 119산악구조대, 민간구조대",없음
백담,"38.1415, 128.4218",용아장성,5,추락,100,100,"수렴동대피소, 봉정암","국립공원구조대, 119산악구조대, 민간구조대","출입금지 철조망, 안내간판, 감시카메라"
백담,"38.1772, 128.3023",십이선녀탕계곡,0,추락,200,100,남교리지킴터,"국립공원구조대, 119산악구조대, 민간구조대",없음
백담,"38.1756, 128.3038",십이선녀탕계곡,0,추락,200,100,남교리지킴터,"국립공원구조대, 119산악구조대, 민간구조대",없음
백담,"38.1744, 128.3048",십이선녀탕계곡,0,추락,200,100,남교리지킴터,"국립공원구조대, 119산악구조대, 민간구조대",없음
백담,"38.1744, 128.3053",십이선녀탕계곡,1,추락,200,100,남교리지킴터,"국립공원구조대, 119산악구조대, 민간구조대",없음
백담,"38.1747, 128.3071",십이선녀탕계곡,1,추락,200,100,남교리지킴터,"국립공원구조대, 119산악구조대, 민간구조대",없음
백담,"38.1744, 128.3106",십이선녀탕계곡,0,추락,200,100,남교리지킴터,"국립공원구조대, 119산악구조대, 민간구조대",없음
백담,"38.1625, 128.3205",십이선녀탕계곡,1,추락,200,100,남교리지킴터,"국립공원구조대, 119산악구조대, 민간구조대",난간
백담,"38.1450, 128.3211",십이선녀탕계곡,1,추락,200,100,남교리지킴터,"국립공원구조대, 119산악구조대, 민간구조대",난간
백담,"38.1597, 128.3222",십이선녀탕계곡,1,추락,200,100,남교리지킴터,"국립공원구조대, 119산악구조대, 민간구조대",난간
장수대,"38.0979, 128.4067",한계령~장수대,1,"추락,낙석",1000,100,한계령탐방지원센터,"국립공원구조대, 119산악구조대, 민간구조대",안전로프
장수대,"38.1234, 128.3893",한계령~장수대,0,추락,200,100,한계령탐방지원센터,"국립공원구조대, 119산악구조대, 민간구조대",없음
장수대,"38.1234, 128.3877",한계령~장수대,1,추락,200,100,한계령탐방지원센터,"국립공원구조대, 119산악구조대, 민간구조대",없음
장수대,"38.1268, 128.3718",한계령~장수대,1,추락,200,100,장수대분소,"국립공원구조대, 119산악구조대, 민간구조대",없음
장수대,"38.1275, 128.3709",한계령~장수대,1,추락,200,100,장수대분소,"국립공원구조대, 119산악구조대, 민간구조대",없음
장수대,"38.1242, 128.3436",한계령~장수대,2,추락,500,100,장수대분소,"국립공원구조대, 119산악구조대, 민간구조대",목재난간
장수대,"38.1231, 128.3437",한계령~장수대,2,추락,500,100,장수대분소,"국립공원구조대, 119산악구조대, 민간구조대",목재난간
장수대,"38.1226, 128.3446",한계령~장수대,2,추락,200,100,장수대분소,"국립공원구조대, 119산악구조대, 민간구조대",목재난간
남창지구,전남 장성군 북하면 신성리 남창지구 입암산 탐방로(갓바위 정상),갓바위 정상부,3,추락사고,100,100,전대수련원,국립공원구조대 6명/구조장비 1식,통제난간  57.5m 추락주의 안내표지판 3개소
백양사 지구,전남 장성군 북하면 약수리 백양사 지구 백학봉 탐방로(백학봉 정상),백학봉 정상부,3,추락사고 위험,1000,100,백양사,국립공원구조대 6명/응급처치 및 구조장비 1식,통제난간 23m 추락주의 안내표지판 3개소 등
백양사 지구,"전남 장성군 북하면 약수리 백양사 지구 백학봉 탐방로(백학3,4)","학바위 하단 50m 지점(백학3, 4)",7,추락사고 위험,1000,100,백양사,국립공원구조대 6명/응급처치 및 구조장비 1식,"통제난간 100m 추락주의 안내표지판 5개소, 사망사고 지점 알림 안내표지판 2개소 등"
외설악,"38.1631, 128.4847",권금성,6,추락,1000,200,케이블카 스테이션,"국립공원구조대 7명, 119산악구조대, 민간구조대",지킴터 상시근무
남산,신선암 일원(관음사 탐방로),신선암,5,추락,1000,100,칠불암,국립공원구조대 12명,"전망데크 1, 로프난간 1, 철재난간 1"
내변산지구,전북 부안군 변산면 중계리 산9510 일원,탐방로,1,고지대 추락위험,5000,500,내변산주차장,"구조대: 부안소방서, 내변산민간산악구조대",안전난간
해인사지구,상왕봉 정상 1,상왕봉 정상 1,1,추락위험,0,0,,"가야산구조대 11명, AED, 들것 등",
해인사지구,상왕봉 정상 2,상왕봉 정상 2,1,추락위험,0,0,,"가야산구조대 11명, AED, 들것 등",
해인사지구,봉천대 상부 1,봉천대 상부 1,1,추락위험,0,0,,"가야산구조대 11명, AED, 들것 등",
해인사지구,봉천대 상부 2,봉천대 상부 2,1,추락위험,0,0,,"가야산구조대 11명, AED, 들것 등",
해인사지구,중봉,중봉,1,추락위험,0,0,,"가야산구조대 11명, AED, 들것 등",목재난간
해인사지구,중봉 하부,중봉 하부,1,추락위험,0,0,,"가야산구조대 11명, AED, 들것 등",철재난간
해인사지구,석조여래입상 인근,석조여래입상 인근,1,추락위험,0,0,,"가야산구조대 11명, AED, 들것 등",
해인사지구,칠불봉 정상,칠불봉 정상,1,추락위험,0,0,,"가야산구조대 11명, AED, 들것 등",
해인사지구,칠불봉 하부,칠불봉 하부,1,추락위험,0,0,,"가야산구조대 11명, AED, 들것 등",철재난간
해인사지구,칠불봉 하부 2,칠불봉 하부 2,1,추락위험,0,0,,"가야산구조대 11명, AED, 들것 등",목재난간
해인사지구,남산제일봉 정상,남산제일봉 정상,1,추락위험,0,0,,"가야산구조대 11명, AED, 들것 등",로프난간
해인사지구,남산제일봉 하부,남산제일봉 하부,1,추락위험,0,0,,"가야산구조대 11명, AED, 들것 등",철재난간
해인사지구,남산제일봉 하부 1,남산제일봉 하부 1,1,추락위험,0,0,,"가야산구조대 11명, AED, 들것 등",철재난간
해인사지구,남산제일봉 하부 2,남산제일봉 하부 2,1,추락위험,0,0,,"가야산구조대 11명, AED, 들것 등",철재난간
해인사지구,남산제일봉 하부 3,남산제일봉 하부 3,1,추락위험,0,0,,"가야산구조대 11명, AED, 들것 등",철재난간
해인사지구,남산제일봉 하부 4,남산제일봉 하부 4,1,추락위험,0,0,,"가야산구조대 11명, AED, 들것 등",철재난간
백운동지구,만물상 중부 1,만물상 중부 1,1,추락위험,0,0,,"가야산구조대 11명, AED, 들것 등",철재난간
백운동지구,상아덤,상아덤,1,추락위험,0,0,,"가야산구조대 11명, AED, 들것 등",목재난간
백운동지구,상아덤 하부,상아덤 하부,1,추락위험,0,0,,"가야산구조대 11명, AED, 들것 등",철재난간
백운동지구,만물상 상부 1,만물상 상부 1,1,추락위험,0,0,,"가야산구조대 11명, AED, 들것 등",철재난간
백운동지구,만물상 상부 2,만물상 상부 2,1,추락위험,0,0,,"가야산구조대 11명, AED, 들것 등",철재난간
해인사지구,남산제일봉 하부 5,남산제일봉 하부 5,1,추락위험,0,0,,"가야산구조대 11명, AED, 들것 등",철재난간
해인사지구,청량사 상부,청량사 상부,1,추락위험,0,0,,"가야산구조대 11명, AED, 들것 등",철재난간
백운동지구,만물상 중부 2,만물상 중부 2,1,추락위험,0,0,,"가야산구조대 11명, AED, 들것 등",철재난간
백운동지구,만물상 하부 1,만물상 하부 1,1,추락위험,0,0,,"가야산구조대 11명, AED, 들것 등",철재난간
백운동지구,만물상 하부 2,만물상 하부 2,1,추락위험,0,0,,"가야산구조대 11명, AED, 들것 등",철재난간
화양지구,도명산정상,도명산정상 추락위험지구,1,추락,1000,1000,화양동탐방지원센터,편성완료,없음
화양지구,도명산 정상하단 150m,도명산 정상하단 150m 추락위험지구,1,추락,1000,1000,화양동탐방지원센터,편성완료,없음
법주사지구,상환석문,상환석문 추락위험지구,1,추락,1000,1000,법주사탐방지원센터,편성완료,없음
법주사지구,배석대,배석대 추락위험지구,1,추락,1000,1000,법주사탐방지원센터,편성완료,없음
화북지구,천왕봉 헬기장 위,천왕봉 헬기장 위 추락위험지구,1,추락,1000,1000,화북탐방지원센터,편성완료,로프 1개소
화북지구,입석대,입석대 추락위험지구,1,추락,1000,1000,화북탐방지원센터,편성완료,난간 1개소
법주사지구,경업대,경업대 추락위험지구,1,추락,1000,1000,법주사탐방지원센터,편성완료,없음
화북지구,문장대 방향 1.5km,문장대 방향 1.5km 추락위험지구,1,추락,1000,1000,화북탐방지원센터,편성완료,없음
화북지구,문장대 방향 2.3km,문장대 방향 2.3km 추락위험지구,1,추락,1000,1000,화북탐방지원센터,편성완료,없음
화북지구,문장대 방향 2.4km,문장대 방향 2.4km 추락위험지구,1,추락,1000,1000,화북탐방지원센터,편성완료,없음
화북지구,문장대 철계단 옆,문장대 철계단 옆 추락위험지구,5,추락,1000,1000,화북탐방지원센터,편성완료,"로프1개소, 난간1개소"
화북지구,문장대 정상,문장대 정상 추락위험지구,5,추락,1000,1000,화북탐방지원센터,편성완료,난간1개소
화북지구,백악산에서 수안재 방향 0.6km,백악산에서 수안재 방향 0.6km 추락위험지구,1,추락,1000,1000,입석초등학교,편성완료,로프1개소
화북지구,백악산에서 수안재 방향 0.7km,백악산에서 수안재 방향 0.7km 추락위험지구,1,추락,1000,1000,입석초등학교,편성완료,로프1개소
화북지구,백악산에서 수안재 방향 1.2km,백악산에서 수안재 방향 1.2km 추락위험지구,1,추락,1000,1000,입석초등학교,편성완료,로프1개소
화북지구,백악산에서 수안재 방향 2.9km,백악산에서 수안재 방향 2.9km 추락위험지구,1,추락,1000,1000,입석초등학교,편성완료,로프1개소
화북지구,용화에서 묘봉방향 3km,용화에서 묘봉방향 3km 추락위험지구,1,추락,1000,1000,용화지킴터,편성완료,로프1개소
화북지구,용화에서 묘봉방향 3.2km,용화에서 묘봉방향 3.2km 추락위험지구,1,추락,1000,1000,용화지킴터,편성완료,로프1개소
화북지구,용화에서 묘봉방향 3.4km,용화에서 묘봉방향 3.4km 추락위험지구,1,추락,1000,1000,용화지킴터,편성완료,로프1개소
화북지구,상학봉 정상,상학봉 정상 추락위험지구,1,추락,1000,1000,용화지킴터,편성완료,없음
법주사지구,묘봉 정상,묘봉 정상 추락위험지구,1,추락,1000,1000,여적암지킴터,편성완료,없음
덕산지구,상천휴게소 전 1km 지점,가은산구간,1,추락,700,700,상천휴게소,"  차량, 무전기, 응급처치세트, 로프 등 구조장비  월악산국립공원 구조대, 제천소방서",안내간판
덕산지구,가은산 전망대 아래,가은산구간,1,추락,700,700,상천휴게소,"  차량, 무전기, 응급처치세트, 로프 등 구조장비  월악산국립공원 구조대, 제천소방서",안내간판
덕산지구,상천휴게소 전 1.5km 지점,가은산구간,1,추락,700,700,상천휴게소,"  차량, 무전기, 응급처치세트, 로프 등 구조장비  월악산국립공원 구조대, 제천소방서",안내간판
단양지구,신선봉~내궁기삼거리,도락산구간,0,추락,1500,1500,덕산분소,"  차량, 무전기, 응급처치세트, 로프 등 구조장비  월악산국립공원 구조대, 제천소방서",안내판
구천동지구,덕유산 정상 향적봉 일원,향적봉 정상(백련사~향적봉 구간),1,난간 밖 샛깃 출입 후 바위 아래 절벽으로 추락위험,5000,50,향적봉 대피소,"○ 공단재난구조대 4명, 민간산악구조대 15명, 119구조대 5명",목책난간
황점지구,삿갓재대피소에서 황점 방향 1km 지점,황점~삿갓골재 구간 / 황점지구,2,추락시 계곡 급사면으로 인해 피해 예상,500,12,삿갓재대피소," ○ 공단재난구조대 4명, 민간산악구조대 15명, 119구조대 5명","난간, 로프 등"
영각지구,서봉 육십령 방향 300m 하단,서봉~육십령 구간 / 영각지구,2,추락 위험,500,50,서봉 일원," ○ 국립공원구조대 5명, 119구조대 7명 ○ 다목적 들것 1, 로프 1, 헤드렌턴 10 등",로프 등
영각지구,서봉 육십령 방향 1.5km 지점,서봉~육십령 구간 / 영각지구,2,추락위험,500,50,육십령휴게소," ○ 국립공원구조대 5명, 119구조대 7명 ○ 다목적 들것 1, 로프 1, 헤드렌턴 10 등",로프 등
상서지구,전북 부안군 상서면 청림리 산151일원,탐방로,1,고지대 추락위험,1000,50,상서분소주차장,구조대: 부안소방서,안전난간
내변산지구,전북 부안군 변산면 중계리 산9510 일원,탐방로,1,고지대 추락위험,4000,50,"내변산분소주차장, 남여치주차장","구조대: 부안소방서, 내변산민간산악구조대",안전난간
내소지구,전북 부안군 진서면 석포리 산821,탐방로,1,고지대 추락위험,5000,500,내소분소주차장,"구조대: 부안소방서, 내변산민간산악구조대",안전난간
쌍곡지구,청석재 상단 100m,청석재 상단 100m 추락위험지구,2,추락,1000,1000,쌍곡탐방지원센터,편성완료,로프 1개소
쌍곡지구,중절모 바위,중절모 바위 추락위험지구,1,추락,1000,1000,쌍곡탐방지원센터,편성완료,"로프1개소, 난간1개소"
쌍곡지구,중절모 바위 상단 20m,중절모 바위 상단 20m 추락위험지구,2,추락,1000,1000,쌍곡탐방지원센터,편성완료,없음
쌍곡지구,칠보산정상(경관해설판),칠보산정상(경관해설판) 추락위험지구,2,추락,1000,1000,쌍곡탐방지원센터,편성완료,로프 1개소
쌍곡지구,거북바위,거북바위 추락위험지구,3,추락,1000,1000,쌍곡탐방지원센터,편성완료,"로프 1개소, 난간 1개소"
쌍곡지구,아가봉 정상에서 옥녀봉 방향 150m 지점,아가봉 정상에서 옥녀봉 방향 150m 지점 추락위험지구,2,추락,1000,1000,갈론지킴터,편성완료,로프1개소
쌍곡지구,안장바위(1206지점),안장바위(1206지점) 추락위험지구,1,추락,1000,1000,갈론지킴터,편성완료,없음
구룡지구,구룡지구 육모정 지역 용소,용소,1,추락,5000,5000,지리산전북사무소,국립공원구조대,통제로프
뱀사골지구,반선~요룡대 구간 석실,석실,4,추락,5000,5000,뱀사골탐방안내소,국립공원구조대,철재 및 목재 난간
정릉지구,칼바위정상 데크구간,칼바위,0,추락,50,5,보국문,"북한산국립공원구조대 4명, 로프, 들것, 연막탄, 안전밸트, 헬멧 등등,  ",목재데크
종주능선 삼도봉,삼도봉,삼도봉,1,탐방객 쉼터,1000,108,노고단대피소,"구조대1팀, 구조장비1식",2017년 설치예정(안전난간 50m)
우이지구,"백운대(좌표 : 북위 373931, 동경 1265841)",백운대,2,추락위험,200,100,백운대피소,"국립공원, 119산악, 경찰 구조대 등",없음
우이지구,"영봉에서 육모정 방향 100m(좌표 : 북위 373950, 동경 1265919)",영봉에서 육모정 방향 100m 암릉,0,암릉 추락위험,30,50,영봉,"국립공원, 119산악, 경찰 구조대 등",없음
우이지구,"영봉에서 하루재 방향 150m(좌표 : 북위 373948, 동경 1265920)",영봉에서 하루재 방향 150m 암릉,0,암릉 일원 추락 위험,30,50,하루재,"국립공원, 119산악, 경찰 구조대 등",없음
우이지구,"백운대피소 하단(좌표 : 북위 373930, 동경 1265855)",백운대피소 하단 암릉,0,추락위험,100,100,백운대피소,"(국립공원, 경찰, 119산악)구조대",없음
우이지구,"백운대피소 상단(좌표 : 북위 373930, 동경 1265852)",백운대피소 상단 암릉,0,추락위험,100,100,백운대피소,"(국립공원, 경찰, 119산악)구조대",없음
우이지구,"백운봉 암문 하단(좌표 : 북위 373929, 동경 1265848)",백운봉 암문 하단 암릉,0,추락위험,100,100,백운산장,국립공원 구조대 및 경찰구조대 ,없음
우이지구,"백운봉암문~백운대(좌표 : 북위 373929, 동경 1265845)",백운봉암문~백운대 암릉,1,"암릉 및 경관감상, 사진촬영지역으로 추락위험 있음",100,100,백운대피소,"국립공원, 119산악, 경찰 구조대",철제난간
우이지구,"백운봉암문~용암문(좌표 : 북위 373927, 동경 1265846)",백운봉암문 하단 200m,3,추락위험,50,30,백운봉암문하단 삼거리,"국립공원, 119산악, 경찰 구조대 등",없음
우이지구,"암문~노적삼 중간 망바위(좌표 : 북위 373925, 동경 1265844)",망바위,0,"암릉, 경관감상지역, 사진촬영지역으로 추락위험 있음",30,30,백운봉암문하단삼거리,"국립공원, 119산악, 경찰 구조대 등",없음
우이지구,"노적삼거리 상단 300m(좌표 : 북위 373929, 동경 1265845)",노적삼거리 상단 300m,0,"암릉, 경관감상지역으로 추락 위험",30,50,노적삼거리,"국립공원, 119산악, 경찰 구조대 등",없음
우이지구,"영봉에서 육모정 방향 200m(좌표 : 북위 373950, 동경 1265925)",영봉에서 육모정 방향 200m 암릉,0,"암릉, 경관감상지역, 휴식지역으로 추락위험 있음",30,70,영봉,"국립공원, 119산악, 경찰 구조대 등",없음
우이지구,"영봉에서 하루재 방향 100m(좌표 : 북위 373948, 동경 1265919)",영봉에서 하루재 방향 100m,3,암릉으로 추락 위험,30,50,하루재,"국립공원, 119산악, 경찰 구조대 등",없음
구기지구,"사모바위(좌표 : 373741, 1265733)",사모바위 일원 암릉,0,경관감상 및 사진촬영지역으로 추락위험 있음,500,200,헬기장," 국립공원구조대 7명 등, AED 등 41개 장비",없음
산성지구,"노적봉(좌표 : 376881, 1269697)",노적봉 암&#54553;,4,암릉 추락위험,200,200,"노적봉하단, 정상","국립공원 구조대, 119산악구조대 등",통제난간 2개소
산성지구,"염초봉 릿지구간(좌표 : 373932, 1265818)",염초봉 릿지구간,4,추락위험,200,100,릿지구간 우회로,국립공원구조대 등,통제난간 20m
산성분소,"응봉암릉 (좌표 : 373814, 1265833)",응봉암릉 인근,3,경관감상 및 사진촬영,100,100,우회 탐방로,국립공원 구조대 등,통제로프 20m 설치
test,test,test,1,test,1,1,test,test,
test,test,test,1,test,1,1,test,test,
바람아래,태안군 고남면 장곡리 42244 일원,바람아래 해안가,3,"풍수해로 인한 익사(해저급경사, 조수웅덩이)",1000,500,"장곡리 마을회관, 바람아래 주차장 등","여름성수기 수상안전관리반(2명) 편성 배치 및 수상구조장비(수상오토바이, 구명환, 구명조끼, 레스큐튜브 등), 구명함 2개소 상시배치(태안군)",해수욕장 개장 전 통제부표 설치
구기지구,"향로봉 (좌표 : 373002, 1265749)",향로봉 암릉,2,추락위험,300,300,금선사,‘16.0.0 추락사고 0명(최근 5년),통제 목책 80m
구기지구,문수봉 중단,문수봉 중단 암릉,0,암릉구간 추락위험,200,200,우회탐방로," 국립공원구조대 7명 등, AED 등 41개 장비",없음
구기지구,문수봉 중하단,문수봉 중하단 암릉,0,추락위험,200,200,우회탐방로," 국립공원구조대 7명 등, AED 등 41개 장비",없음
구기지구,대남문 방향 문수봉 하단,대남문 방향 문수봉 하단 암릉,0,추락위험,200,200,우회탐방로," 국립공원구조대 7명 등, AED 등 41개 장비",없음
내장지구,불출봉 ~ 망해봉 방향 약 200m 지점,내장추락01,2,암릉에 의한 추락위험,1000,100,벽련암,국립공원구조대 10명,없음
노고단,노고단 정상 하부 50m,노고단 하부 전망대,3,노고단 전망대,1920,108,노고단대피소,"구조대1팀, 구조장비 1식",안전난간 15m
노고단,노고단정상 전망대,노고단정상,4,노고단정상 전망대,1920,108,노고단대피소,"구조대1팀, 구조장비 1식",안전난간
산성지구,"밤골계곡 (좌표 : 376608, 1269772)",밤골계곡 호랑이골 인근,0,암릉 추락위험,500,500,우회 탐방로,국립공원 구조대 등,안전로프
구기지구,"응봉입구(좌표 : 376287, 1269590)",응봉입구 암릉,1,암릉 추락위험,200,200,사모바위 일원 헬기장," 국립공원구조대 7명, AED 등 41개 장비",없음
구기지구,승가사 ~사모바위방향,승가사 &#9658;사모방향,0,암릉 추락위험,300,300,사모바위 일원 헬기장," 국립공원구조대 7명 등, AED 등 41개 장비",없음
구기지구,승가봉~문수봉 방향,승가봉~문수봉 방향 암릉,0,암릉 추락위험,300,200,우회탐방로," 국립공원구조대 7명 등, AED 등 41개 장비",없음
구기지구,사모바위~문수봉 방향 초입,사모바위~문수봉 방향 초입 암릉,0,추락위험,200,200,우회탐방로," 국립공원구조대 7명 등, AED 등 41개 장비",없음
구기지구,문수봉 중상단,문수봉 중상단 암릉,0,암릉 추락위험,200,200,우회탐방로," 국립공원구조대 7명 등, AED 등 41개 장비",없음
구기지구,문수봉 끝지점,문수봉 끝지점 암릉,0,암릉구간 추락위험,200,200,우회탐방로," 국립공원구조대 7명 등, AED 등 41개 장비",없음
구기지구,문수봉 상단,문수봉 상단 암릉,0,암릉구간 추락위험,200,200,우회탐방로,"국립공원구조대 7명 등, AED 등 41개 장비",없음
구기지구,"족두리봉(좌표 : 북위 373157, 동경 1265635)",족두리봉 추락위험지구,3,추락위험,250,100,용화공원지킴터,"국립공원구조대 7명, AED 등 41개 장비","통제로프, 목책80m"
산성지구,"의상능선 300m 하단(분소방향, 좌표 : 376495, 1269571)",의상능선 300m 하단,0,암릉,200,200,우회탐방로 대피,국립공원 및 119산악구조대 등,없음
산성지구,"의상능선 50m 하단(분소방향)(좌표 : 376483, 1269601)",의상능선 50m 하단(분소방향),1,암릉,200,200,의상봉정상 대피,"국립공원, 119산악, 경찰 구조대 등",없음
산성지구,"용출봉(좌표 : 376438, 1269619)",용출봉,1,암릉,400,400,우회탐방로 대피,"국립공원, 119산악, 경찰 구조대 등",통제 목책로프
산성지구,"용혈봉 (좌표 : 373205, 1265723)",용혈봉,2,암릉,400,400,우회탐방로 대피,"국립공원, 119산악, 경찰 구조대 등",통제로프
산성지구,"부왕동암문~나월봉(좌표 : 376377, 1269689)",부왕동암문~나월봉,0,암릉,300,300,우회탐방로 대피,"국립공원, 119산악, 경찰 구조대 등",없음
산성지구,"나한봉~715봉(좌표 : 376335, 1269711)",나한봉~715봉,0,암릉,200,200,우회탐방로 대피,"국립공원, 119산악, 경찰 구조대 등",없음
산성지구,"숨은벽 해골바위 하단 (좌표 : 376658, 1269738)",숨은벽 해골바위 하단 암릉,0,암릉,300,300,우회 탐방로 대피,"국립공원, 119산악, 경찰 구조대 등",없음
산성지구,"숨은벽 마당바위 하단(좌표 : 376655, 1269743)",숨은벽 마당바위 하단,0,추락위험,300,300,우회탐방로,국립공원구조대 등,통제 목책
산성지구,"숨은벽 산불카메라 하단(좌표 : 376605, 126974)",숨은벽 산불카메라 하단 암릉,0,추락,300,300,우회탐방로,국립공원구조대 등,없음
산성지구,"숨은벽 릿지하단(좌표 : 376628, 1269763)",숨은벽 릿지하단 암릉,0,추락위험,300,300,우회탐방로,국립공원구조대 등,없음
산성지구,"숨은벽 릿지입구(좌표 : 37662, 1269769)",숨은벽 릿지입구,1,암릉 추락위험,300,300,우회탐방로,국립공원구조대 등,없음
산성지구,"밤골계곡(좌표 : 376619, 1269769)",밤골계곡 주탐방로철난간 ,1,암릉 추락위험,300,300,우회 탐방로로 대피,국립공원 구조대 등,철제난간 1개소
구기지구,"비봉(좌표 : 373205, 1265723)",비봉 암릉,2,추락위험,200,200,우회탐방로," 국립공원구조대 7명, AED 등 41개 장비",목책 20m
세석지구,벽소령~장터목,0140지점,1,추락위험,2000,150,세석대피소,"지리산구조대,119산악구조대","통제로프, 안내간판"
청학지구,불일폭포~삼신봉,내삼신봉 하단 10m,1,추락위험,200,20,청학동지원센터,"지리산구조대,119산악구조대",안내간판
세석지구,벽소령~연하천,0128지점,1,추락위험,1500,100,벽소령대피소,"지리산구조대,119산악구조대","통제로프, 안내간판"
세석지구,벽소령~세석,선비샘에서 300m,1,추락위험,1000,100,벽소령대피소,"지리산구조대,119산악구조대","통제 로프, 안내간판"
하동지구,불일탐방로,불일탐방로 용추쌀바위,1,추락위험,1000,100,화계마을,"지리산구조대,119산악구조대","통제난간, 안내간판"
하동지구,의신옛길,의신옛길 입구 50m지점,1,추락위험,300,30,신흥마을,"지리산구조대,119산악구조대",안내간판
산청지구,중산리~천왕봉,천왕샘 하단 50m,1,추락위험,2000,30,로타리대피소,"지리산구조대,119산악구조대",안내간판
세석지구,장터목~세석,전망바위,1,추락위험,2000,100,장터목대피소,"지리산구조대,119산악구조대",안내간판
하동지구,삼정마을~벽소령,1208지점 200m아래,1,추락위험,200,30,삼정마을,"지리산구조대,119산악구조대",안내간판
산청지구,중산리~천왕봉,천왕봉 정상,1,추락위험,3000,150,"장터목대피소,로타리대피소","지리산구조대, 119산악구조대",안내간판
함양지구,백무동~세석,첫나들이폭포,1,추락위험,1000,100,백무동마을,"지리산구조대,119산악구조대","통제난간, 안내간판"
함양지구,두지동~비선담,마당바위(추성 2.3km),1,추락위험,800,100,추성마을,"지리산구조대,119산악구조대",안내간판
삼장지구,한판골~삼거리,삼거리 하단 500m,2,추락위험,100,20,유평마을,"지리산구조대, 119산악구조대",안내간판
함양지구,백무동~장터목,소지봉 상단 망바위 1.3km,1,추락위험,2000,100,백무동마을,"지리산구조대,119산악구조대","통제난간, 안내간판"
삼장지구,무제치기 교 상단 200m,새재~치밭목,2,추락위험,100,20,새재마을,"지리산구조대, 119산악구조대","로프 1개소, 안내간판"
산청지구,중산리~천왕봉,로타리대피소 상단 100m,1,추락위험,2000,30,로타리대피소,"지리산구조대,119산악구조대",안내간판
산청지구,장터목~천왕봉,통천문 상단 150m,1,추락위험,2000,100,장터목대피소,"지리산구조대,119산악구조대",안내간판
팔영산지구(12),고흥 팔영산 야영장남포미술관,유영봉정상,1,추락,500,550,팔영산자동차야영장,보성소방서 119구조대 15명,"출입통제선 15m, 데크계단 15"
팔영산지구(19),고흥 팔영산 야영장남포미술관,적취봉(8봉),1,추락,500,550,팔영산자동차야영장,보성보상서 119구조대 15명,통제로프 10m
소안청산지구(11),정도리 작은짝지부꾸지,부꾸지 전망대 2,1,추락,50,55,육군8539부대,완도119안전센터 21명,데크 및 목재난간 1식
팔영산지구(13),고흥  팔영산 곡강성주,선녀봉,1,추락,500,550,팔영산자동차야영장,보성소방서 119구조대 15명,통제로프
팔영산지구(14),고흥 팔영산 곡강성주,선녀봉방향 1.5km,1,추락,500,550,성주마을회관,보성소방서 119구조대 15명,출입통제선 15m
팔영산지구(15),고흥 팔영산 곡강성주,선녀봉1.3km,1,추락,500,550,성두마을회관,보성소방서 119구조대 15명,출입통제선 10m
팔영산자구(16),고흥 팔영산 곡강성주봉,선녀봉성주봉 방향 0.9km,1,미끄럼,500,550,성두마을회관,보성소방서 119구조대 15명,없음
팔영산지구(17),고흥 팔영산 야영장남포미술관,유영봉성주봉 구간 0.1km,1,미끄럼,500,550,팔영산자동차야영장,보성소방서 119구조 15명,없음
팔영산지구(18),고흥 팔영산 야영장남포미술관,칠선봉 정상(7봉),1,추락,500,550,팔영산자동차야영장,보성소방서 119구조대 15명,출입통제선 10m
금오도지구(9),여수금오도 장지망산,쉼터,2,추락,100,150,마을회관,남면의용소방대 45명,통제로프 20m
거문도백도지구(20),거문도 덕촌거문도등대,칼바위,2,추락,50,55,서도리마을회관,삼산면의용소방대 22명,통제로프 20m
거문도백도지구(21),거문도 덕촌거문도등대,신선바위전망대,4,추락,50,55,거문도관광호텔,삼산면의용소방대 22명,목재난간 60m
소안청산지구(10),정도리 작은짝지부꾸지,부꾸지,1,추락,50,60,정도리탐방지원센터,완도119안전센터 21명,목재난간 20m
소안청산지구(3),보길도 청별~큰길재,광대봉~청별,2,추락주의,10,20,청별마을회관,노하의용소방대 50명,추락주의간판 2개
소안청산지구(1),보길도 보옥~큰길재,누룩바위,2,추락,10,20,보옥리마을회간,노화의용소방대 50명,추락주의간판 2개
소안청산지구(2),보길도 철별~큰길재,광대봉,2,추락,10,20,청별마을회관,노하의용소방대 20명,추락주의간판 2개
소안청산지구(4),보길도 청별~큰길재,청별,2,추락,10,20,청별마을회관,노하의용소방대 50명,추락주의간판 2개
소안청산지구(5),청산도 권덕범바위,범바위,2,추락,1000,1100,범바위주차장,청산의용소방대 60명,"통제로프 10m, 안내표지판 2개"
금오도지구(6),여수시 금오도 비렁길 비렁길1코스,미역널방 전,2,추락,300,350,마을회관,남면의용소방대 45명,통제로프 20m
금오도지구(8),여수금오도 함구미옥녀봉,옥녀봉,2,추락,100,150,마을회관,남면의용소방대 45명,통제로프 30m
금오도지구(7),여수금오도 비렁길 비렁길 1코스,비렁길1코스,2,추락,300,350,마을회관,남면의용소방대 45명,목제난간 100m
상주금산지구,경남 남해군 상주면 상주리 산2573(이태조기단),탐방로(이태조기단)/ 상주금산지구,2,추락,1000,150,"보리암, 부산산장","2개반 13명/ AED, 응급처치 등 총 36종",목책난간 20m
상주금산지구,경남 남해군 상주면 상주리 산2573(장군암),탐방로/ 상주금산지구,2,추락,1000,150,"보리암, 부산산장","2개반 13명/ AED, 응급처치 등 총 36종",목책난간 12m
상주금산지구,경남 남해군 상주면 상주리 산2573(제석봉),탐방로(전망대)/ 상주금산지구,2,추락,500,150,"보리암, 부산산장","2개반 13명/ AED, 응급처치 등 총 36종",목책난간 20m
상주금산지구,경남 남해군 상주면 상주리 산2573(상사바위),탐방로(전망대)/ 상주금산지구,3,추락,1000,150,"보리암, 부산산장","2개반 13명/ AED, 응급처치 등 총 36종",목책난간 30m
상주금산지구,경남 남해군 상주면 양아리 산41(부소암 철교량),탐방로(철교량)/ 상주금산지구,3,추락,1000,150,부소암,"2개반 13명/ AED, 응급처치 등 총 36종",철난간 100m
상주금산지구,경남 남해군 상주면 상주리 산2573(금산정상/망대),탐방로(망대)/ 상주금산지구,0,추락,2000,150,"보리암, 부산산장","2개반 13명/ AED, 응급처치 등 총 36종",없음
내장지구,까치봉 ~ 까치봉삼거리 v계곡 양방향,내장추락03,2,암릉에 의한 추락위험,2000,200,내장사,국립공원구조대 10명,부분 철제난간
내장지구,불출봉 일원,내장추락02,2,암릉에 의한 추락위험,1000,100,"벽련암, 원적암",국립공원구조대 10명,부분 안전줄
상주금산지구,경남 남해군 상주면 상주리 산258(보리암 전망데크),"사찰(보리암, 전망데크)/ 상주금산지구",3,추락,7000,150,"보리암, 부산산장","2개반 13명/ AED, 응급처치 등 총 36종",목책난간 37m
우이지구,경기도 고양시 덕양구 북한동 산11,백운대 일원,1,"추락/낙뢰/고립(호우, 대설)",3000,300,"백운대피소, 인수대피소","국립공원 특수구조팀, 119산악구조대","난간설치, 백운봉 암문 초소 1개소"
북한산성지구,경기도 고양시 덕양구 북한동 산11(의상봉~나월봉 구간),의상봉~나월봉,6,"추락/낙뢰/고립(호우, 대설)",1200,100,국녕사,"거점근무자에 의한 통제(북한산성분소 안전관리반, 재난구조대)","난간, 목제데크 등"
북한산성지구,경기도 고양시 덕양구 북한동 산11,원효암~원효봉 일원,2,"추락/낙뢰/고립(대설, 호우)",1500,100,상운사,"북한산성분소(안전관리반, 재난구조대 등), 119산악구조대 / 차량, 무전기, 손전등, 응급처치세트, 로프 등",난간
구기,서울시 종로구 구기동 산31,비봉능선,2,"추락/낙뢰/고립(대설, 호우)",5000,1000,"문수사, 승가사","구기분소(안전관리방, 재난구조대), 119산악구조대 / 차량, 무전기, 손전등, 응급처치세트, 로프 등",난간
정릉지구,서울시 성북구 정릉동 산11,칼바위능선,2,"추락/낙뢰/고립(호우, 대설)",2000,200,내원사,"북한산국립공원, 119산악구조대 / 차량, 무전기, 손전등, 응급처치세트 등","난간, 목재데크"
새인봉 하단 200m,광주광역시 동구 운림동 (증심사상가~중머리재),새인봉 하단 200m,1,탐방객 추락위험,500,250,"증심탐방지원센터, 약사사","국립공원구조대 6명, 119산악구조대 8명","난간 1개소, 로프 1개소"
약사바위,광주광역시 동구 학운동 산227 (증심사상가~중머리재 구간),약사바위,1,탐방객 추락위험,500,100,"증심탐방지원센터, 약사사","국립공원구조대 6명, 119산악구조대 8명","탐방객자동통제시스템(탐방로 입구), 난간 1경간"
탑봉,광주광역시 동구 운림동(고래실골~서인봉 구간),탑봉,2,탐방객 추락위험,600,300,즉시하산조치(주남마을방향),"국립공원구조대 6명, 119산악구조대 8명",난간 1개소
새인봉 암장 남서벽,광주광역시 동구 운림동 (증심사상가~중머리재),새인봉 암장 남서벽,2,탐방객 추락위험,500,250,"증심탐방지원센터, 약사사","국립공원구조대 6명, 119산악구조대 8명","탐방객자동통제시스템(탐방로 입구), 난간 1경간"
새인봉 하단 10m,광주광역시 동구 운림동 (증심사상가~중머리재),새인봉 하단 10m,1,탐방객 추락위험,500,250,"증심탐방지원센터, 약사사","국립공원구조대 6명, 119산악구조대 8명","안내표지판 1개소, 로프 1개소, 난간 1개소"
탑봉 하단 160m,광주광역시 동구 운림동(고래실골~서인봉 구간),탑봉 하단 160m,2,탐방객 추락위험,600,300,즉시하산조치,"국립공원구조대 6명, 119산악구조대 8명",난간 1개소
용추봉 하단 70m,광주광역시 동구 용연동 산2543,용추봉 하단 70m,2,탐방객 추락위험,3000,1500,"장불재 쉼터, 서석대","국립공원구조대 8명, 119산악구조대 8명",로프 1개소
인계리지구,전남 화순군 이서면 인계리(시무지기폭포~용강마을 상단),시무지기폭포 계곡,2,계곡범람으로 인한 탐방객 고립 및 안전사고 위험,500,50,상상수목원,"구조대: 공단 10명, 119구조대 5명 / 구조장비: 들것, 구급약품, 안전로프, 119차량 등",
서석대 전망대 하단 50m,광주광역시 동구 용연동 산3541(원효광장~서석대),서석대 전망대 하단 50m,1,탐방객 추락위험,5000,3000,장불재 쉼터,"국립공원구조대 8명, 119산악구조대 8명",
서석대 전망대,광주광역시 동구 용연동 산3541,서석대 전망대,2,탐방객 추락위험,5000,3000,"장불재 쉼터, 서석대","국립공원구조대 8명, 119산악구조대 8명",난간 1개소
내변산지구,전북 부안군 변산면 중계리 가마소 일원,탐방로,3,집중호우에 따른 고립 및 조난사고 발생우려,2000,200,내변산주차장,"구조대: 부안소방서, 내변산민간산악구조대, 구조장비: 차량, 로프발사기",안내현수막
내변산지구,"전북 부안군 상서면 청림리, 중계리 지방도 736",공원 진입도로,4,"집중호우 및 폭설에 따른 벽면붕괴, 고립 등",1000,100,내변산주차장,"전북도로관리사업소, 부안군 건설교통과, 부안소방서(굴삭기, 제설차 등)",없음
격포지구,전북 부안군 변산면 격포리 채석강 일원,채석강(급경사지 지정),5,조수간만의 차로 고립에 의한 인명피해 발생우려,5000,1000,격포주차장,"구조대: 부안소방서, 부안해양경찰서",통제안전선
내변산지구,"전북 부안군 변산면 중계리, 진서면 석포리(남여치~원암)",탐방로,2,집중호우에 따른 고립 및 조난사고 발생우려,2000,200,내변산주차장,"구조대: 부안소방서, 내변산민간산악구조대",부표 설치
격포지구,"전북 부안군 변산면 운산리, 마포리, 격포리(죽막~고사포 해안도로)",해안도로,6,폭설에 따른 결빙으로 인한 안전사고 발생 우려,3000,300,격포주차장,"구조대: 부안군청, 부안소방서, 구조장비: 제설차량",안내표지판
용하지구, 충북 제천시 덕산면 월악리 일원, 용하계곡 및 용하야영장,12, 풍수해 등 집중호우시 고립 등 인명피해 위험,650,200,한국전통문화학교,"  구 조 대: 제천, 충주소방서, 민간산악구조대, 월악산구조대   구조장비: 차량, 로프, 들것, 구급배낭 등",출입금지 통제로프 등
학암포,태안군 원북면 방갈리 515121 일원,학암포 해안가,4,"풍수해로 인한 익사(바다갈라짐길, 해저급경사)",2000,1000,"학암포주차장, 학암포탐방지원센터 등","수상구조장비(수상오토바이, 구명환, 구명조끼, 레스큐튜브 등), 구명함 5개소 상시배치(태안군)",해수욕장 개장 전 통제부표 설치
연포,태안군 근흥면 도황리 1526170 일원,연포 해안가,5," 풍수해로 인한 익사(해저급경사, 이안류)",2000,1000,"도황리 마을회관, 연포 주차장 등"," 여름성수기 수상안전관리반(2명) 편성 배치 및 수상구조장비(수상오토바이, 구명환, 구명조끼, 레스큐튜브 등), 구명함 2개소 상시배치(태안군)", 해수욕장 개장 전 통제부표 설치
백사장,태안군 안면읍 창기리 128713 일원,백사장 해안가,2,풍수해로 인한 익사(갯골),1000,500,"창기리 마을회관, 백사장 주차장 등","여름성수기 수상안전관리반 (2명) 및 수상구조장비(수상오토바이, 구명환, 구명조끼, 레스큐튜브 등) 배치, 구명함 2개소 상시배치(태안군)",해수욕장 개장기간 부표 설치
삼봉,태안군 안면읍 창기리 13043 일원,삼봉 해안가(이안류),5,풍수해로 인한 익사,2000,1000,"창기리 마을회관, 삼봉 주차장 등","여름성수기 수상안전관리반(2명) 편성 배치 및 수상구조장비(수상오토바이, 구명환, 구명조끼, 레스큐튜브 등), 구명함 3개소 상시배치(태안군)",해수욕장 개장 전 통제부표 설치
방포,태안군 안면읍 승언리 산18459 일원,방포 해안가,3,풍수해로 인한 익사(해저급경사),2000,1000,승언8리 마을회관 등,"여름성수기 수상안전관리반(2명) 편성 배치 및 수상구조장비(수상오토바이, 구명환, 구명조끼, 레스큐튜브 등), 구명함 2개소 상시배치(태안군)",해수욕장 개장 전 통제부표 설치
백양계곡,전남 장성군 북하면 약수리,산간.계곡 야영지,1,"태풍, 호우, 폭풍 등으로 인한 행락객 인명피해 우려",4100,200,백양사,"국립공원 재난안전대책반, 구조장비 1식, 백양사 119구조대","난간, 그물망"
송계지구,충북 제천시 한수면 송계리 일원,"송계계곡(송계1리~만수골) 및 야영장(송계, 덕주, 닷돈재)",15,풍수해 등 집중호우시 고립 등 인명피해 위험,1600,800,한송초중학교,"  구 조 대: 제천, 충주소방서, 민간산악구조대, 월악산구조대  구조장비: 차량, 로프, 들것, 구급배낭 등",계곡출입금지 통제선 등
남창계곡,"전남 장성군 북하면 신성리 ( 위214.8, 경186.1)",산간.계곡 야영지,1,"태풍, 호우, 폭풍 등으로 인한 행락객 인명피해 우려",5000,300,"전남대학교 수련원, 정자동","국립공원 재난안전대책반, 구조장비 1식, 백양사 119구조대","위험 안내표지판, 그물망"
단양지구, 충북 단양군 단성면 가산리 일원, 선암계곡 ,15, 풍수해 등 집중호우시 탐방객고립 등 인명피해 위험,1200,200,가산초등학교,"  구 조 대: 제천, 충주소방서, 민간산악구조대, 월악산구조대   구조장비: 차량, 로프, 들것, 구급배낭 등",계곡출입금지 통제선 등
